{"centroid": [5.653692020077194, -5.618957980890562, 497.26355301130786], "max_dist": 111.11354627159406, "image_W": 2448, "image_H": 2048}