{"centroid": [10.129075525374015, -4.9267123821525765, 497.16727816738035], "max_dist": 114.9784552925275, "image_W": 2448, "image_H": 2048}