{"centroid": [11.315707387803718, -5.580112070302738, 497.4674289186079], "max_dist": 115.89597480384951, "image_W": 2448, "image_H": 2048}