{"centroid": [3.374187180474531, -6.178007303068542, 497.19029577686683], "max_dist": 109.13683928243026, "image_W": 2448, "image_H": 2048}