{"centroid": [14.757897443802003, -4.9600740709089415, 497.31396920510423], "max_dist": 118.98131110584178, "image_W": 2448, "image_H": 2048}