{"centroid": [12.353781916118011, -6.347586086702577, 497.4979530834282], "max_dist": 116.03965919163389, "image_W": 2448, "image_H": 2048}