{"centroid": [8.1798721164453, -4.9798512206045356, 497.14720020231664], "max_dist": 113.64105383139729, "image_W": 2448, "image_H": 2048}