{"centroid": [20.013973937933883, -5.891636123472264, 497.5022070317845], "max_dist": 121.57014836980579, "image_W": 2448, "image_H": 2048}