{"centroid": [23.122116756819683, -7.890575568378057, 498.1651828623063], "max_dist": 122.84761908055798, "image_W": 2448, "image_H": 2048}