{"centroid": [17.360070131510078, -5.351580430239301, 497.36043948664485], "max_dist": 120.01235055594665, "image_W": 2448, "image_H": 2048}